https://www.linkedin.com/,"Social Networking, General"
https://www.quora.com/,"Social Networking, General"
https://www.producthunt.com/,"Social Networking, General"
https://angel.co/,"Social Networking, General"
https://www.kickstarter.com/,"Social Networking, General"
https://www.skype.com/en/,"Social Networking, General"
https://gab.com/,"Social Networking, General"
https://www.meetup.com/,"Social Networking, General"
http://www.yelp.com/,"Social Networking, General"
https://www.slideshare.net ,"Social Networking, General"
https://www.shutterfly.com/,"Social Networking, Photo"
https://500px.com/,"Social Networking, Photo"
https://imgur.com/,"Social Networking, Photo"
https://pixabay.com/,"Social Networking, Photo"
https://soundcloud.com/,"Social Networking, Lifestyle"
http://academia.edu/,"Social Networking, Lifestyle"
https://www.google.com/drive/,"Computer Electronics, File Sharing & Hosting"
https://www.dropbox.com/,"Computer Electronics, File Sharing & Hosting"
https://onedrive.live.com/about/en-gb/,"Computer Electronics, File Sharing & Hosting"
https://www.apple.com/in/icloud/,"Computer Electronics, File Sharing & Hosting"
https://www.amazon.com/b/?node=15547130011,"Computer Electronics, File Sharing & Hosting"
https://www.box.com/home,"Computer Electronics, File Sharing & Hosting"
https://www.wetransfer.com,"Computer Electronics, File Sharing & Hosting"
https://www.zippyshare.com,"Computer Electronics, File Sharing & Hosting"
https://www.whatsapp.com/,"Collaboration, Communication"
https://www.skype.com/en/home/,"Collaboration, Communication"
https://telegram.org/,"Collaboration, Communication"
https://resources.workable.com/tutorial/source-on-slack,"Collaboration, Communication"
https://www.webex.com/,"Collaboration, Communication"
http://asana.com/,"Collaboration, Project Management"
https://dapulse.com/,"Collaboration, Project Management"
https://www.proofhub.com/,"Collaboration, Project Management"
https://trello.com/,"Collaboration, Project Management"
http://codingteam.net/index,"Collaboration, General"
https://www.igloosoftware.com/,"Collaboration, General"
https://github.com/,"Collaboration, General"
https://about.gitlab.com/,"Collaboration, General"
https://stackoverflow.com/,"Collaboration, General"
https://www.zillow.com/,"Business & Consumer, Real Estate"
https://www.realtor.com/,"Business & Consumer, Real Estate"
https://www.ups.com/us/en/global.page,"Business & Consumer, Shipping &Logistics"
http://myshopify.com/,"Business & Consumer, E-Commerce"
https://www.fedex.com/,"Business & Consumer, Shipping &Logistics"
https://www.service-now.com ,"Business & Consumer, Business"
https://www.shopify.com/,"Business & Consumer, E-Commerce"
http://squareup.com/,"Business & Consumer, E-Commerce"
https://www.samsung.com,"Computer Electronics, Consumer Electronics"
https://www.apple.com,"Computer Electronics, Consumer Electronics"
https://www.bestbuy.com,"Computer Electronics, Consumer Electronics"
https://www.huawei.com,"Computer Electronics, Consumer Electronics"
https://www.mi.com,"Computer Electronics, Consumer Electronics"
https://www.hp.com,"Computer Electronics, Consumer Electronics"
https://www.xiaomi.com,"Computer Electronics, Consumer Electronics"
https://www.yodobashi.com,"Computer Electronics, Consumer Electronics"
https://www.danawa.com,"Computer Electronics, Consumer Electronics"
https://www.gearbest.com,"Computer Electronics, Consumer Electronics"
https://www.vodafone.de,"Computer Electronics, Consumer Electronics"
https://www.sonymobile.com,"Computer Electronics, Consumer Electronics"
https://www.boostmobile.com,"Computer Electronics, Consumer Electronics"
https://www.shutterfly.com,"Computer Electronics, Consumer Electronics"
https://www.currys.co.uk,"Computer Electronics, Consumer Electronics"
https://www.newegg.com,"Computer Electronics, Consumer Electronics"
https://www.lg.com,"Computer Electronics, Consumer Electronics"
https://www.gadgetsnow.com,"Computer Electronics, Consumer Electronics"
https://www.panasonic.jp,"Computer Electronics, Consumer Electronics"
https://www.onlinetrade.ru,"Computer Electronics, Consumer Electronics"
https://www.webuy.com,"Computer Electronics, Consumer Electronics"
https://www.live.com,"Computer Electronics, Email"
https://www.mail.ru,"Computer Electronics, Email"
https://www.web.de,"Computer Electronics, Email"
https://www.gmx.net,"Computer Electronics, Email"
https://www.list-manage.com,"Computer Electronics, Email"
https://www.mailchimp.com,"Computer Electronics, Email"
https://www.outlook.com,"Computer Electronics, Email"
https://www.gmail.com,"Computer Electronics, Email"
https://www.mail.com,"Computer Electronics, Email"
https://www.freemail.hu,"Computer Electronics, Email"
https://www.sendgrid.net,"Computer Electronics, Email"
https://www.evite.com,"Computer Electronics, Email"
https://www.live.net,"Computer Electronics, Email"
https://www.hotmail.com,"Computer Electronics, Email"
https://www.szn.cz,"Computer Electronics, Email"
https://www.liveinternet.ru,"Computer Electronics, Email"
https://www.mail.yahoo.com,"Computer Electronics, Email"
https://www.campaign-archive.com,"Computer Electronics, Email"
https://www.google.com,"Computer Electronics, Search Engines"
https://www.baidu.com,"Computer Electronics, Search Engines"
https://www.yandex.ru,"Computer Electronics, Search Engines"
https://www.google.com.br,"Computer Electronics, Search Engines"
https://www.bing.com,"Computer Electronics, Search Engines"
https://www.google.de,"Computer Electronics, Search Engines"
https://www.google.co.jp,"Computer Electronics, Search Engines"
https://www.daum.net,"Computer Electronics, Search Engines"
https://www.duckduckgo.com,"Computer Electronics, Search Engines"
https://www.google.fr,"Computer Electronics, Search Engines"
https://www.google.co.uk,"Computer Electronics, Search Engines"
https://www.google.it,"Computer Electronics, Search Engines"
https://www.google.pl,"Computer Electronics, Search Engines"
https://www.google.co.in,"Computer Electronics, Search Engines"
https://www.google.es,"Computer Electronics, Search Engines"
https://www.google.ru,"Computer Electronics, Search Engines"
https://www.sogou.com,"Computer Electronics, Search Engines"
https://www.google.ca,"Computer Electronics, Search Engines"
https://www.google.com.mx,"Computer Electronics, Search Engines"
https://www.sm.cn,"Computer Electronics, Search Engines"
https://www.ask.com,"Computer Electronics, Search Engines"
https://www.hrblock.com,"Finance, Accounting & Audit"
https://www.kontur.ru,"Finance, Accounting & Audit"
https://www.taxact.com,"Finance, Accounting & Audit"
https://www.cleartax.in,"Finance, Accounting & Audit"
https://www.icai.org,"Finance, Accounting & Audit"
https://www.deloitte.com,"Finance, Accounting & Audit"
https://www.taxslayer.com,"Finance, Accounting & Audit"
https://www.26-2.ru,"Finance, Accounting & Audit"
https://www.vero.fi,"Finance, Accounting & Audit"
https://www.ey.com,"Finance, Accounting & Audit"
https://www.klerk.ru,"Finance, Accounting & Audit"
https://www.pwc.com,"Finance, Accounting & Audit"
https://www.poradnikprzedsiebiorcy.pl,"Finance, Accounting & Audit"
https://www.accaglobal.com,"Finance, Accounting & Audit"
https://www.sfs.gov.ua,"Finance, Accounting & Audit"
https://www.defterbeyan.gov.tr,"Finance, Accounting & Audit"
https://www.corporatefinanceinstitute.com,"Finance, Accounting & Audit"
https://www.ewaybill.nic.in,"Finance, Accounting & Audit"
https://www.teachoo.com,"Finance, Accounting & Audit"
https://www.sageone.com,"Finance, Accounting & Audit"
https://www.intuitcdn.net,"Finance, Accounting & Audit"
https://www.glavkniga.ru,"Finance, Accounting & Audit"
https://www.nalog-nalog.ru,"Finance, Accounting & Audit"
https://www.jacksonhewitt.com,"Finance, Accounting & Audit"
https://www.efatura.gov.tr,"Finance, Accounting & Audit"
https://www.ceidg.gov.pl,"Finance, Accounting & Audit"
https://www.egov-nsdl.com,"Finance, Accounting & Audit"
https://www.audit-it.ru,"Finance, Accounting & Audit"
https://www.gazeta-unp.ru,"Finance, Accounting & Audit"
https://www.ifirma.pl,"Finance, Accounting & Audit"
https://www.taxslayerpro.com,"Finance, Accounting & Audit"
https://www.buhonline.ru,"Finance, Accounting & Audit"
https://www.gofin.pl,"Finance, Accounting & Audit"
https://www.taxguru.in,"Finance, Accounting & Audit"
https://www.efile.com,"Finance, Accounting & Audit"
https://www.action-media.ru,"Finance, Accounting & Audit"
https://www.gaodun.com,"Finance, Accounting & Audit"
https://www.financnasprava.sk,"Finance, Accounting & Audit"
https://www.tin-nsdl.com,"Finance, Accounting & Audit"
https://www.wynagrodzenia.pl,"Finance, Accounting & Audit"
https://www.mykomon.com,"Finance, Accounting & Audit"
https://www.cbic.gov.in,"Finance, Accounting & Audit"
https://www.parasut.com,"Finance, Accounting & Audit"
https://www.mypayflex.com,"Finance, Accounting & Audit"
https://www.dtkt.ua,"Finance, Accounting & Audit"
https://www.sodra.lt,"Finance, Accounting & Audit"
https://www.e-pity.pl,"Finance, Accounting & Audit"
https://www.steuerklassen.com,"Finance, Accounting & Audit"
https://www.libertytax.net,"Finance, Accounting & Audit"
https://www.chase.com,"Finance, Banking Credit & Lending"
https://www.wellsfargo.com,"Finance, Banking Credit & Lending"
https://www.capitalone.com,"Finance, Banking Credit & Lending"
https://www.bankofamerica.com,"Finance, Banking Credit & Lending"
https://www.onlinesbi.com,"Finance, Banking Credit & Lending"
https://www.sberbank.ru,"Finance, Banking Credit & Lending"
https://www.creditkarma.com,"Finance, Banking Credit & Lending"
https://www.americanexpress.com,"Finance, Banking Credit & Lending"
https://www.citi.com,"Finance, Banking Credit & Lending"
https://www.hdfcbank.com,"Finance, Banking Credit & Lending"
https://www.td.com,"Finance, Banking Credit & Lending"
https://www.royalbank.com,"Finance, Banking Credit & Lending"
https://www.maybank2u.com.my,"Finance, Banking Credit & Lending"
https://www.check24.de,"Finance, Banking Credit & Lending"
https://www.spectrum.net,"Finance, Banking Credit & Lending"
https://www.icicibank.com,"Finance, Banking Credit & Lending"
https://www.serasaconsumidor.com.br,"Finance, Banking Credit & Lending"
https://www.usbank.com,"Finance, Banking Credit & Lending"
https://www.lloydsbank.co.uk,"Finance, Banking Credit & Lending"
https://www.ipko.pl,"Finance, Banking Credit & Lending"
https://www.netteller.com,"Finance, Banking Credit & Lending"
https://www.mbank.pl,"Finance, Banking Credit & Lending"
https://www.commbank.com.au,"Finance, Banking Credit & Lending"
https://www.scotiabank.com,"Finance, Banking Credit & Lending"
https://www.santander.co.uk,"Finance, Banking Credit & Lending"
https://www.pnc.com,"Finance, Banking Credit & Lending"
https://www.ibanking-services.com,"Finance, Banking Credit & Lending"
https://www.bb.com.br,"Finance, Banking Credit & Lending"
https://www.postbank.de,"Finance, Banking Credit & Lending"
https://www.santander.com.br,"Finance, Banking Credit & Lending"
https://www.syf.com,"Finance, Banking Credit & Lending"
https://www.halifax-online.co.uk,"Finance, Banking Credit & Lending"
https://www.centrum24.pl,"Finance, Banking Credit & Lending"
https://www.rabobank.nl,"Finance, Banking Credit & Lending"
https://www.rakuten-bank.co.jp,"Finance, Banking Credit & Lending"
https://www.barclays.co.uk,"Finance, Banking Credit & Lending"
https://www.citibankonline.com,"Finance, Banking Credit & Lending"
https://www.ing.de,"Finance, Banking Credit & Lending"
https://www.comdirect.de,"Finance, Banking Credit & Lending"
https://www.kbstar.com,"Finance, Banking Credit & Lending"
https://www.axisbank.co.in,"Finance, Banking Credit & Lending"
https://www.ingbank.pl,"Finance, Banking Credit & Lending"
https://www.navyfederal.org,"Finance, Banking Credit & Lending"
https://www.cibc.com,"Finance, Banking Credit & Lending"
https://www.westpac.com.au,"Finance, Banking Credit & Lending"
https://www.bmo.com,"Finance, Banking Credit & Lending"
https://www.swedbank.se,"Finance, Banking Credit & Lending"
https://www.helo-app.com,"Finance, Banking Credit & Lending"
https://www.mirconnect.ru,"Finance, Banking Credit & Lending"
https://www.https://www.mirconnect.ru,Finance
https://www.intuit.com,Finance
https://www.marketwatch.com,Finance
https://www.itau.com.br,Finance
https://www.privatbank.ua,Finance
https://www.toyokeizai.net,Finance
https://www.finance.naver.com,Finance
https://www.creditmutuel.fr,Finance
https://www.comenity.net,Finance
https://www.xe.com,Finance
https://www.trustpilot.com,Finance
https://www.money.pl,Finance
https://www.biz-journal.jp,Finance
https://www.foxbusiness.com,Finance
https://www.coinbase.com,Finance
https://www.pagseguro.uol.com.br,Finance
https://www.adbtc.top,Finance
https://www.seekingalpha.com,Finance
https://www.ilsole24ore.com,Finance
https://www.arcot.com,Finance
https://www.moneyforward.com,Finance
https://www.paylocity.com,Finance
https://www.nerdwallet.com,Finance
https://www.infomoney.com.br,Finance
https://www.sbrf.ru,Finance
https://www.barclaycardus.com,Finance
https://www.avanza.se,Finance
https://www.mercadopago.com.br,Finance
https://www.triviagenius.com,Finance
https://www.paycomonline.net,Finance
https://www.finanse.wp.pl,Finance
https://www.altin.in,Finance
https://www.nordea.fi,Finance
https://www.cafef.vn,Finance
https://www.paisabazaar.com,Finance
https://www.ubs.com,Finance
https://www.capital.fr,Finance
https://www.parentpay.com,Finance
https://www.moonliteco.in,Finance
https://www.creditsesame.com,Finance
https://www.glavbukh.ru,Finance
https://www.myfedloan.org,Finance
https://www.netbk.co.jp,Finance
https://www.moondoge.co.in,Finance
https://www.payu.in,Finance
https://www.finance.rambler.ru,Finance
https://www.financial-net.com,Finance
https://www.money.cnn.com,Finance
https://www.di.se,Finance
https://www.navient.com,Finance
https://www.paypal.com,"Finance, Financial Planning & Management"
https://www.adp.com,"Finance, Financial Planning & Management"
https://www.patria.org.ve,"Finance, Financial Planning & Management"
https://www.credit-agricole.fr,"Finance, Financial Planning & Management"
https://www.labanquepostale.fr,"Finance, Financial Planning & Management"
https://www.alipay.com,"Finance, Financial Planning & Management"
https://www.bancoestado.cl,"Finance, Financial Planning & Management"
https://www.rakuten-card.co.jp,"Finance, Financial Planning & Management"
https://www.caf.fr,"Finance, Financial Planning & Management"
https://www.banesconline.com,"Finance, Financial Planning & Management"
https://www.poste.it,"Finance, Financial Planning & Management"
https://www.bancodevenezuela.com,"Finance, Financial Planning & Management"
https://www.caisse-epargne.fr,"Finance, Financial Planning & Management"
https://www.experian.com,"Finance, Financial Planning & Management"
https://www.mufg.jp,"Finance, Financial Planning & Management"
https://www.hometax.go.kr,"Finance, Financial Planning & Management"
https://www.desjardins.com,"Finance, Financial Planning & Management"
https://www.moneysavingexpert.com,"Finance, Financial Planning & Management"
https://www.billdesk.com,"Finance, Financial Planning & Management"
https://www.societegenerale.fr,"Finance, Financial Planning & Management"
https://www.mizuhobank.co.jp,"Finance, Financial Planning & Management"
https://www.ing.nl,"Finance, Financial Planning & Management"
https://www.lcl.fr,"Finance, Financial Planning & Management"
https://www.banquepopulaire.fr,"Finance, Financial Planning & Management"
https://www.sii.cl,"Finance, Financial Planning & Management"
https://www.caixabank.es,"Finance, Financial Planning & Management"
https://www.bicentenariobu.com,"Finance, Financial Planning & Management"
https://www.digid.nl,"Finance, Financial Planning & Management"
https://www.redlink.com.ar,"Finance, Financial Planning & Management"
https://www.transaccionesbancolombia.com,"Finance, Financial Planning & Management"
https://www.wlp-acs.com,"Finance, Financial Planning & Management"
https://www.monetizze.com.br,"Finance, Financial Planning & Management"
https://www.transbank.cl,"Finance, Financial Planning & Management"
https://www.pingan.com,"Finance, Financial Planning & Management"
https://www.mercantilbanco.com,"Finance, Financial Planning & Management"
https://www.aeon.co.jp,"Finance, Financial Planning & Management"
https://www.mt.co.kr,"Finance, Financial Planning & Management"
https://www.money.yandex.ru,"Finance, Financial Planning & Management"
https://www.klarna.com,"Finance, Financial Planning & Management"
https://www.provincial.com,"Finance, Financial Planning & Management"
https://www.bancobrasil.com.br,"Finance, Financial Planning & Management"
https://www.stripe.com,"Finance, Financial Planning & Management"
https://www.smbc-card.com,"Finance, Financial Planning & Management"
https://www.saisoncard.co.jp,"Finance, Financial Planning & Management"
https://www.jcb.co.jp,"Finance, Financial Planning & Management"
https://www.afterpay.com,"Finance, Financial Planning & Management"
https://www.personal.com.ar,"Finance, Financial Planning & Management"
https://www.bancainternet.com.ar,"Finance, Financial Planning & Management"
https://www.smbc.co.jp,"Finance, Financial Planning & Management"
https://www.ameli.fr,"Finance, Insurance"
https://www.usaa.com,"Finance, Insurance"
https://www.geico.com,"Finance, Insurance"
https://www.kaiserpermanente.org,"Finance, Insurance"
https://www.progressive.com,"Finance, Insurance"
https://www.licindia.in,"Finance, Insurance"
https://www.statefarm.com,"Finance, Insurance"
https://www.health.pingan.com,"Finance, Insurance"
https://www.uhc.com,"Finance, Insurance"
https://www.cigna.com,"Finance, Insurance"
https://www.aetna.com,"Finance, Insurance"
https://www.allstate.com,"Finance, Insurance"
https://www.comparethemarket.com,"Finance, Insurance"
https://www.myuhc.com,"Finance, Insurance"
https://www.healthcare.gov,"Finance, Insurance"
https://www.policybazaar.com,"Finance, Insurance"
https://www.lassuranceretraite.fr,"Finance, Insurance"
https://www.optum.com,"Finance, Insurance"
https://www.bajajfinserv.in,"Finance, Insurance"
https://www.anthem.com,"Finance, Insurance"
https://www.tk.de,"Finance, Insurance"
https://www.werally.com,"Finance, Insurance"
https://www.theaa.com,"Finance, Insurance"
https://www.humana.com,"Finance, Insurance"
https://www.libertymutual.com,"Finance, Insurance"
https://www.confused.com,"Finance, Insurance"
https://www.dpvatsegurodotransito.com.br,"Finance, Insurance"
https://www.progressivedirect.com,"Finance, Insurance"
https://www.wesure.cn,"Finance, Insurance"
https://www.principal.com,"Finance, Insurance"
https://www.iciciprulife.com,"Finance, Insurance"
https://www.comparisons.org,"Finance, Insurance"
https://www.bajajfinservmarkets.in,"Finance, Insurance"
https://www.everquote.com,"Finance, Insurance"
https://www.yourtexasbenefits.com,"Finance, Insurance"
https://www.vsp.com,"Finance, Insurance"
https://www.hcsc.net,"Finance, Insurance"
https://www.optumrx.com,"Finance, Insurance"
https://www.metlife.com,"Finance, Insurance"
https://www.gocompare.com,"Finance, Insurance"
https://www.aok.de,"Finance, Insurance"
https://www.allianz.de,"Finance, Insurance"
https://www.sjnk.co.jp,"Finance, Insurance"
https://www.transamerica.com,"Finance, Insurance"
https://www.optumbank.com,"Finance, Insurance"
https://www.portoseguro.com.br,"Finance, Insurance"
https://www.nationwide.com,"Finance, Insurance"
https://www.discovery.co.za,"Finance, Insurance"
https://www.carecredit.com,"Finance, Insurance"
https://www.fidelity.com,"Finance, Investing"
https://www.investing.com,"Finance, Investing"
https://www.finance.yahoo.co.jp,"Finance, Investing"
https://www.eastmoney.com,"Finance, Investing"
https://www.sbisec.co.jp,"Finance, Investing"
https://www.iqoption.com,"Finance, Investing"
https://www.tradingview.com,"Finance, Investing"
https://www.moneycontrol.com,"Finance, Investing"
https://www.ameritrade.com,"Finance, Investing"
https://www.rakuten-sec.co.jp,"Finance, Investing"
https://www.schwab.com,"Finance, Investing"
https://www.vanguard.com,"Finance, Investing"
https://www.investopedia.com,"Finance, Investing"
https://www.zerodha.com,"Finance, Investing"
https://www.boursorama.com,"Finance, Investing"
https://www.fool.com,"Finance, Investing"
https://www.economictimes.com,"Finance, Investing"
https://www.coinmarketcap.com,"Finance, Investing"
https://www.xueqiu.com,"Finance, Investing"
https://www.etrade.com,"Finance, Investing"
https://www.finanzen.net,"Finance, Investing"
https://www.binance.com,"Finance, Investing"
https://www.etoro.com,"Finance, Investing"
https://www.robinhood.com,"Finance, Investing"
https://www.nseindia.com,"Finance, Investing"
https://www.finance.sina.com.cn,"Finance, Investing"
https://www.ml.com,"Finance, Investing"
https://www.tdameritrade.com,"Finance, Investing"
https://www.minkabu.jp,"Finance, Investing"
https://www.monex.co.jp,"Finance, Investing"
https://www.aastocks.com,"Finance, Investing"
https://www.finviz.com,"Finance, Investing"
https://www.kitco.com,"Finance, Investing"
https://www.finance.sina.cn,"Finance, Investing"
https://www.advfn.com,"Finance, Investing"
https://www.blockchain.com,"Finance, Investing"
https://www.nomura.co.jp,"Finance, Investing"
https://www.stocktwits.com,"Finance, Investing"
https://www.kabutan.jp,"Finance, Investing"
https://www.nsdl.com,"Finance, Investing"
https://www.xmtrading.com,"Finance, Investing"
https://www.morningstar.com,"Finance, Investing"
https://www.onvista.de,"Finance, Investing"
https://www.clear.com.br,"Finance, Investing"
https://www.kauppalehti.fi,"Finance, Investing"
https://www.olymptrade.com,"Finance, Investing"
https://www.xm.com,"Finance, Investing"
https://www.goodreturns.in,"Finance, Investing"
https://www.stockcharts.com,"Finance, Investing"
https://www.ebay-kleinanzeigen.de,E-Commerce & Shopping
https://www.shopping.naver.com,E-Commerce & Shopping
https://www.coupang.com,E-Commerce & Shopping
https://www.shopping.yahoo.co.jp,E-Commerce & Shopping
https://www.trendyol.com,E-Commerce & Shopping
https://www.n11.com,E-Commerce & Shopping
https://www.gmarket.co.kr,E-Commerce & Shopping
https://www.11st.co.kr,E-Commerce & Shopping
https://www.poshmark.com,E-Commerce & Shopping
https://www.dpoint.jp,E-Commerce & Shopping
https://www.tmon.co.kr,E-Commerce & Shopping
https://www.momoshop.com.tw,E-Commerce & Shopping
https://www.interpark.com,E-Commerce & Shopping
https://www.haraj.com.sa,E-Commerce & Shopping
https://www.markt.de,E-Commerce & Shopping
https://www.papy.co.jp,E-Commerce & Shopping
https://www.zulily.com,E-Commerce & Shopping
https://www.wemakeprice.com,E-Commerce & Shopping
https://www.veepee.fr,E-Commerce & Shopping
https://www.lidl-flyer.com,E-Commerce & Shopping
https://www.tiki.vn,E-Commerce & Shopping
https://www.ssg.com,E-Commerce & Shopping
https://www.rakuten.ne.jp,E-Commerce & Shopping
https://www.michaels.com,E-Commerce & Shopping
https://www.ddanzi.com,E-Commerce & Shopping
https://www.offerup.com,E-Commerce & Shopping
https://www.valuecommerce.com,E-Commerce & Shopping
https://www.beru.ru,E-Commerce & Shopping
https://www.falabella.com,E-Commerce & Shopping
https://www.suning.com,E-Commerce & Shopping
https://www.shufoo.net,E-Commerce & Shopping
https://www.litres.ru,E-Commerce & Shopping
https://www.slrclub.com,E-Commerce & Shopping
https://www.fril.jp,E-Commerce & Shopping
https://www.carrefour.fr,E-Commerce & Shopping
https://www.shop-pro.jp,E-Commerce & Shopping
https://www.books.com.tw,E-Commerce & Shopping
https://www.coppel.com,E-Commerce & Shopping
https://www.docomo-de.net,E-Commerce & Shopping
https://www.esmplus.com,E-Commerce & Shopping
https://www.barnesandnoble.com,E-Commerce & Shopping
https://www.yes24.com,E-Commerce & Shopping
https://www.mercadolibre.com.uy,E-Commerce & Shopping
https://www.jmty.jp,E-Commerce & Shopping
https://www.picclick.com,E-Commerce & Shopping
https://www.wallapop.com,E-Commerce & Shopping
https://www.showroomprive.com,E-Commerce & Shopping
https://www.alicdn.com,E-Commerce & Shopping
https://www.alibaba-inc.com,E-Commerce & Shopping
http://www.nesine.com,"Gambling, Sports Betting"
http://www.parimatch.com,"Gambling, Sports Betting"
http://www.myscore.ru,"Gambling, Sports Betting"
http://www.flashscore.mobi,"Gambling, Sports Betting"
http://www.williamhill.com,"Gambling, Sports Betting"
http://www.spbo1.com,"Gambling, Sports Betting"
http://www.tipico.de,"Gambling, Sports Betting"
http://www.soccervista.com,"Gambling, Sports Betting"
http://www.soccer24.com,"Gambling, Sports Betting"
http://www.tipsport.cz,"Gambling, Sports Betting"
http://www.paddypower.com,"Gambling, Sports Betting"
http://www.sports.williamhill.com,"Gambling, Sports Betting"
http://www.bwin.com,"Gambling, Sports Betting"
http://www.oddsportal.com,"Gambling, Sports Betting"
http://www.tab.com.au,"Gambling, Sports Betting"
http://www.vegasinsider.com,"Gambling, Sports Betting"
http://www.covers.com,"Gambling, Sports Betting"
http://www.flashscore.de,"Gambling, Sports Betting"
http://www.time399.com,"Gambling, Sports Betting"
http://www.singaporepools.com.sg,"Gambling, Sports Betting"
https://www.wikipedia.org,"Reference Materials, Dictionaries and Encyclopedias"
https://www.quora.com,"Reference Materials, Dictionaries and Encyclopedias"
https://www.eksisozluk.com,"Reference Materials, Dictionaries and Encyclopedias"
https://www.reverso.net,"Reference Materials, Dictionaries and Encyclopedias"
https://www.deepl.com,"Reference Materials, Dictionaries and Encyclopedias"
https://www.wordreference.com,"Reference Materials, Dictionaries and Encyclopedias"
https://www.wiktionary.org,"Reference Materials, Dictionaries and Encyclopedias"
https://www.thesaurus.com,"Reference Materials, Dictionaries and Encyclopedias"
https://www.dictionary.cambridge.org,"Reference Materials, Dictionaries and Encyclopedias"
https://www.sciencedirect.com,"Reference Materials, Dictionaries and Encyclopedias"
https://www.urbandictionary.com,"Reference Materials, Dictionaries and Encyclopedias"
https://www.weblio.jp,"Reference Materials, Dictionaries and Encyclopedias"
https://www.merriam-webster.com,"Reference Materials, Dictionaries and Encyclopedias"
https://www.dictionary.com,"Reference Materials, Dictionaries and Encyclopedias"
https://www.yourdictionary.com,"Reference Materials, Dictionaries and Encyclopedias"
https://www.spanishdict.com,"Reference Materials, Dictionaries and Encyclopedias"
https://www.britannica.com,"Reference Materials, Dictionaries and Encyclopedias"
https://www.bab.la,"Reference Materials, Dictionaries and Encyclopedias"
https://www.leo.org,"Reference Materials, Dictionaries and Encyclopedias"
https://www.thefreedictionary.com,"Reference Materials, Dictionaries and Encyclopedias"
https://www.glosbe.com,"Reference Materials, Dictionaries and Encyclopedias"
https://www.dict.cc,"Reference Materials, Dictionaries and Encyclopedias"
https://www.pinterest.ph,"Reference Materials, Dictionaries and Encyclopedias"
https://www.pons.com,"Reference Materials, Dictionaries and Encyclopedias"
https://www.duden.de,"Reference Materials, Dictionaries and Encyclopedias"
https://www.wikisource.org,"Reference Materials, Dictionaries and Encyclopedias"
https://www.linguee.fr,"Reference Materials, Dictionaries and Encyclopedias"
https://www.larousse.fr,"Reference Materials, Dictionaries and Encyclopedias"
https://www.collinsdictionary.com,"Reference Materials, Dictionaries and Encyclopedias"
https://www.linternaute.fr,"Reference Materials, Dictionaries and Encyclopedias"
https://www.almaany.com,"Reference Materials, Dictionaries and Encyclopedias"
https://www.linguee.com,"Reference Materials, Dictionaries and Encyclopedias"
https://www.wordhippo.com,"Reference Materials, Dictionaries and Encyclopedias"
https://www.linguee.de,"Reference Materials, Dictionaries and Encyclopedias"
https://www.dicio.com.br,"Reference Materials, Dictionaries and Encyclopedias"
https://www.shabdkosh.com,"Reference Materials, Dictionaries and Encyclopedias"
https://www.reference.com,"Reference Materials, Dictionaries and Encyclopedias"
https://www.tureng.com,"Reference Materials, Dictionaries and Encyclopedias"
https://www.kotobank.jp,"Reference Materials, Dictionaries and Encyclopedias"
https://www.treccani.it,"Reference Materials, Dictionaries and Encyclopedias"
https://www.email.cz,"Reference Materials, Dictionaries and Encyclopedias"
https://www.academic.ru,"Reference Materials, Dictionaries and Encyclopedias"
https://www.definicion.de,"Reference Materials, Dictionaries and Encyclopedias"
https://www.alc.co.jp,"Reference Materials, Dictionaries and Encyclopedias"
https://www.synonymer.se,"Reference Materials, Dictionaries and Encyclopedias"
https://www.dictionary.goo.ne.jp,"Reference Materials, Dictionaries and Encyclopedias"
https://www.linguee.es,"Reference Materials, Dictionaries and Encyclopedias"
https://www.multitran.com,"Reference Materials, Dictionaries and Encyclopedias"
https://www.answers.com,"Reference Materials, Dictionaries and Encyclopedias"
https://www.tripadvisor.com,Travel and Tourism
https://www.expedia.com,Travel and Tourism
https://www.tripadvisor.co.uk,Travel and Tourism
https://www.kayak.com,Travel and Tourism
https://www.eastday.com,Travel and Tourism
https://www.travel.rakuten.co.jp,Travel and Tourism
https://www.irctc.co.in,Travel and Tourism
https://www.ctrip.com,Travel and Tourism
https://www.tripadvisor.it,Travel and Tourism
https://www.tripadvisor.fr,Travel and Tourism
https://www.navitime.co.jp,Travel and Tourism
https://www.holidaycheck.de,Travel and Tourism
https://www.priceline.com,Travel and Tourism
https://www.tripadvisor.ru,Travel and Tourism
https://www.tripadvisor.com.br,Travel and Tourism
https://www.tripadvisor.es,Travel and Tourism
https://www.tripadvisor.de,Travel and Tourism
https://www.rome2rio.com,Travel and Tourism
https://www.tutu.ru,Travel and Tourism
https://www.makemytrip.com,Travel and Tourism
https://www.royalcaribbean.com,Travel and Tourism
https://www.tripadvisor.ca,Travel and Tourism
https://www.12306.cn,Travel and Tourism
https://www.tui.co.uk,Travel and Tourism
https://www.tripadvisor.jp,Travel and Tourism
https://www.tophotels.ru,Travel and Tourism
https://www.carnival.com,Travel and Tourism
https://www.oui.sncf,Travel and Tourism
https://www.travelocity.com,Travel and Tourism
https://www.lastminute.com,Travel and Tourism
https://www.decolar.com,Travel and Tourism
https://www.ikyu.com,Travel and Tourism
https://www.mafengwo.cn,Travel and Tourism
https://www.his-j.com,Travel and Tourism
https://www.jet2holidays.com,Travel and Tourism
https://www.ratp.fr,Travel and Tourism
https://www.goibibo.com,Travel and Tourism
https://www.list.am,Travel and Tourism
https://www.tripadvisor.in,Travel and Tourism
https://www.tripadvisor.com.au,Travel and Tourism
https://www.loveholidays.com,Travel and Tourism
https://www.ghanaweb.com,Travel and Tourism
https://www.orbitz.com,Travel and Tourism
https://www.eki-net.com,Travel and Tourism
https://www.trip.com,Travel and Tourism
https://www.lefrecce.it,Travel and Tourism
https://www.qunar.com,Travel and Tourism
https://www.expedia.ca,Travel and Tourism
https://www.instructure.com,"Science and Education, Education"
https://www.udemy.com,"Science and Education, Education"
https://www.quizlet.com,"Science and Education, Education"
https://www.scribd.com,"Science and Education, Education"
https://www.blackboard.com,"Science and Education, Education"
https://www.duolingo.com,"Science and Education, Education"
https://www.brainly.co.id,"Science and Education, Education"
https://www.academia.edu,"Science and Education, Education"
https://www.mec.gov.br,"Science and Education, Education"
https://www.khanacademy.org,"Science and Education, Education"
https://www.librus.pl,"Science and Education, Education"
https://www.ed.gov,"Science and Education, Education"
https://www.mheducation.com,"Science and Education, Education"
https://www.uchi.ru,"Science and Education, Education"
https://www.grammarly.com,"Science and Education, Education"
https://www.chegg.com,"Science and Education, Education"
https://www.dnevnik.ru,"Science and Education, Education"
https://www.coursera.org,"Science and Education, Education"
https://www.powerschool.com,"Science and Education, Education"
https://www.teacherspayteachers.com,"Science and Education, Education"
https://www.znanija.com,"Science and Education, Education"
https://www.index-education.net,"Science and Education, Education"
https://www.benesse.ne.jp,"Science and Education, Education"
https://www.schoology.com,"Science and Education, Education"
https://www.aesoponline.com,"Science and Education, Education"
https://www.xing.com,"Science and Education, Education"
https://www.megaresheba.ru,"Science and Education, Education"
https://www.jagranjosh.com,"Science and Education, Education"
https://www.coursehero.com,"Science and Education, Education"
https://www.axioscloud.it,"Science and Education, Education"
https://www.unam.mx,"Science and Education, Education"
https://www.brainly.in,"Science and Education, Education"
https://www.cengage.com,"Science and Education, Education"
https://www.inep.gov.br,"Science and Education, Education"
https://www.school.mosreg.ru,"Science and Education, Education"
https://www.clever.com,"Science and Education, Education"
https://www.frontlineeducation.com,"Science and Education, Education"
https://www.collegeboard.org,"Science and Education, Education"
https://www.ixl.com,"Science and Education, Education"
https://www.itslearning.com,"Science and Education, Education"
https://www.anadolu.edu.tr,"Science and Education, Education"
https://www.vietjack.com,"Science and Education, Education"
https://www.sdamgia.ru,"Science and Education, Education"
https://www.kundelik.kz,"Science and Education, Education"
https://www.pearson.com,"Science and Education, Education"
https://www.study.com,"Science and Education, Education"
https://www.ecollege.com,"Science and Education, Education"
https://www.myschoolapp.com,"Science and Education, Education"
https://www.euroki.org,"Science and Education, Education"
https://www.beauty.hotpepper.jp,"Lifestyle, Beauty and Cosmetics"
https://www.sephora.com,"Lifestyle, Beauty and Cosmetics"
https://www.ulta.com,"Lifestyle, Beauty and Cosmetics"
https://www.bathandbodyworks.com,"Lifestyle, Beauty and Cosmetics"
https://www.cosme.net,"Lifestyle, Beauty and Cosmetics"
https://www.oriflame.com,"Lifestyle, Beauty and Cosmetics"
https://www.hpplus.jp,"Lifestyle, Beauty and Cosmetics"
https://www.poradnikzdrowie.pl,"Lifestyle, Beauty and Cosmetics"
https://www.faberlic.com,"Lifestyle, Beauty and Cosmetics"
https://www.avon.com.br,"Lifestyle, Beauty and Cosmetics"
https://www.xiaohongshu.com,"Lifestyle, Beauty and Cosmetics"
https://www.boticario.com.br,"Lifestyle, Beauty and Cosmetics"
https://www.livestrong.com,"Lifestyle, Beauty and Cosmetics"
https://www.dm.de,"Lifestyle, Beauty and Cosmetics"
https://www.fragrantica.com,"Lifestyle, Beauty and Cosmetics"
https://www.salonboard.com,"Lifestyle, Beauty and Cosmetics"
https://www.smartfren.com,"Lifestyle, Beauty and Cosmetics"
https://www.makeup.com.ua,"Lifestyle, Beauty and Cosmetics"
https://www.fragrancenet.com,"Lifestyle, Beauty and Cosmetics"
https://www.nykaa.com,"Lifestyle, Beauty and Cosmetics"
https://www.rstyle.me,"Lifestyle, Beauty and Cosmetics"
https://www.avon.com,"Lifestyle, Beauty and Cosmetics"
https://www.byrdie.com,"Lifestyle, Beauty and Cosmetics"
https://www.colourpop.com,"Lifestyle, Beauty and Cosmetics"
https://www.herbeauty.co,"Lifestyle, Beauty and Cosmetics"
https://www.douglas.de,"Lifestyle, Beauty and Cosmetics"
https://www.ipsy.com,"Lifestyle, Beauty and Cosmetics"
https://www.lipscosme.com,"Lifestyle, Beauty and Cosmetics"
https://www.avon.ru,"Lifestyle, Beauty and Cosmetics"
https://www.natura.com.br,"Lifestyle, Beauty and Cosmetics"
https://www.sephora.fr,"Lifestyle, Beauty and Cosmetics"
https://www.mobee2.jp,"Lifestyle, Beauty and Cosmetics"
https://www.oriflame.ru,"Lifestyle, Beauty and Cosmetics"
https://www.beautybay.com,"Lifestyle, Beauty and Cosmetics"
https://www.stylecraze.com,"Lifestyle, Beauty and Cosmetics"
https://www.belcy.jp,"Lifestyle, Beauty and Cosmetics"
https://www.letu.ru,"Lifestyle, Beauty and Cosmetics"
https://www.revistanaturadigital.com,"Lifestyle, Beauty and Cosmetics"
https://www.cultbeauty.co.uk,"Lifestyle, Beauty and Cosmetics"
https://www.sallybeauty.com,"Lifestyle, Beauty and Cosmetics"
https://www.shiseido.co.jp,"Lifestyle, Beauty and Cosmetics"
https://www.wizaz.pl,"Lifestyle, Beauty and Cosmetics"
https://www.belezanaweb.com.br,"Lifestyle, Beauty and Cosmetics"
https://www.grove.co,"Lifestyle, Beauty and Cosmetics"
https://www.zucks.net,"Lifestyle, Beauty and Cosmetics"
https://www.boxycharm.com,"Lifestyle, Beauty and Cosmetics"
https://www.primor.eu,"Lifestyle, Beauty and Cosmetics"
https://www.gettersiida.net,"Lifestyle, Beauty and Cosmetics"
https://www.savagex.com,"Lifestyle, Beauty and Cosmetics"
https://www.greatergood.com,"Community and Society, Philanthropy"
https://www.care.com,"Community and Society, Philanthropy"
https://www.caringbridge.org,"Community and Society, Philanthropy"
https://www.justgiving.com,"Community and Society, Philanthropy"
https://www.unicef.org,"Community and Society, Philanthropy"
https://www.familytreenow.com,"Community and Society, Philanthropy"
https://www.reliefweb.int,"Community and Society, Philanthropy"
https://www.house.163.com,"Community and Society, Philanthropy"
https://www.redcross.org.au,"Community and Society, Philanthropy"
https://www.unhcr.org,"Community and Society, Philanthropy"
https://www.fundly.com,"Community and Society, Philanthropy"
https://www.idealist.org,"Community and Society, Philanthropy"
https://www.guidestar.org,"Community and Society, Philanthropy"
https://www.oxfam.org.uk,"Community and Society, Philanthropy"
https://www.compassion.com,"Community and Society, Philanthropy"
https://www.volunteermatch.org,"Community and Society, Philanthropy"
https://www.amnesty.org,"Community and Society, Philanthropy"
https://www.donorperfect.net,"Community and Society, Philanthropy"
https://www.charitynavigator.org,"Community and Society, Philanthropy"
https://www.socialsolutions.com,"Community and Society, Philanthropy"
https://www.tfaforms.com,"Community and Society, Philanthropy"
https://www.croix-rouge.fr,"Community and Society, Philanthropy"
https://www.unv.org,"Community and Society, Philanthropy"
https://www.rescue.org,"Community and Society, Philanthropy"
https://www.rotary.org,"Community and Society, Philanthropy"
https://www.yemenhr.com,"Community and Society, Philanthropy"
https://www.roteskreuz.at,"Community and Society, Philanthropy"
https://www.classy.org,"Community and Society, Philanthropy"
https://www.cybergrants.com,"Community and Society, Philanthropy"
https://www.volunteerhub.com,"Community and Society, Philanthropy"
https://www.icrc.org,"Community and Society, Philanthropy"
https://www.smartsimple.com,"Community and Society, Philanthropy"
https://www.e-activist.com,"Community and Society, Philanthropy"
https://www.humanitarianresponse.info,"Community and Society, Philanthropy"
https://www.pajacyk.pl,"Community and Society, Philanthropy"
https://www.habitat.org,"Community and Society, Philanthropy"
https://www.satruck.org,"Community and Society, Philanthropy"
https://www.wfp.org,"Community and Society, Philanthropy"
https://www.charitycommission.gov.uk,"Community and Society, Philanthropy"
https://www.adoptuskids.org,"Community and Society, Philanthropy"
https://www.appointy.com,"Community and Society, Philanthropy"
https://www.brac.net,"Community and Society, Philanthropy"
https://www.networkforgood.com,"Community and Society, Philanthropy"
https://www.usynovite.ru,"Community and Society, Philanthropy"
https://www.wvi.org,"Community and Society, Philanthropy"
https://www.redcross.ca,"Community and Society, Philanthropy"
https://www.caritas.de,"Community and Society, Philanthropy"
https://www.careers.sl,"Community and Society, Philanthropy"
https://www.dosomething.org,"Community and Society, Philanthropy"
https://www.amazon.com,"E-Commerce & Shopping, Marketplace"
https://www.ebay.com,"E-Commerce & Shopping, Marketplace"
https://www.amazon.co.jp,"E-Commerce & Shopping, Marketplace"
https://www.amazon.de,"E-Commerce & Shopping, Marketplace"
https://www.aliexpress.com,"E-Commerce & Shopping, Marketplace"
https://www.rakuten.co.jp,"E-Commerce & Shopping, Marketplace"
https://www.amazon.co.uk,"E-Commerce & Shopping, Marketplace"
https://www.taobao.com,"E-Commerce & Shopping, Marketplace"
https://www.amazon.in,"E-Commerce & Shopping, Marketplace"
https://www.ebay.co.uk,"E-Commerce & Shopping, Marketplace"
https://www.mercadolivre.com.br,"E-Commerce & Shopping, Marketplace"
https://www.jd.com,"E-Commerce & Shopping, Marketplace"
https://www.walmart.com,"E-Commerce & Shopping, Marketplace"
https://www.tmall.com,"E-Commerce & Shopping, Marketplace"
https://www.allegro.pl,"E-Commerce & Shopping, Marketplace"
https://www.ebay.de,"E-Commerce & Shopping, Marketplace"
https://www.amazon.fr,"E-Commerce & Shopping, Marketplace"
https://www.etsy.com,"E-Commerce & Shopping, Marketplace"
https://www.flipkart.com,"E-Commerce & Shopping, Marketplace"
https://www.amazon.it,"E-Commerce & Shopping, Marketplace"
https://www.mercadolibre.com.ar,"E-Commerce & Shopping, Marketplace"
https://www.amazon.es,"E-Commerce & Shopping, Marketplace"
https://www.amazon.ca,"E-Commerce & Shopping, Marketplace"
https://www.olx.pl,"E-Commerce & Shopping, Marketplace"
https://www.alibaba.com,"E-Commerce & Shopping, Marketplace"
https://www.mercadolibre.com.mx,"E-Commerce & Shopping, Marketplace"
https://www.wish.com,"E-Commerce & Shopping, Marketplace"
https://www.target.com,"E-Commerce & Shopping, Marketplace"
https://www.wildberries.ru,"E-Commerce & Shopping, Marketplace"
https://www.market.yandex.ru,"E-Commerce & Shopping, Marketplace"
https://www.americanas.com.br,"E-Commerce & Shopping, Marketplace"
https://www.wayfair.com,"E-Commerce & Shopping, Marketplace"
https://www.mercari.com,"E-Commerce & Shopping, Marketplace"
https://www.pinduoduo.com,"E-Commerce & Shopping, Marketplace"
https://www.shopee.co.id,"E-Commerce & Shopping, Marketplace"
https://www.ebay.com.au,"E-Commerce & Shopping, Marketplace"
https://www.bol.com,"E-Commerce & Shopping, Marketplace"
https://www.tokopedia.com,"E-Commerce & Shopping, Marketplace"
https://www.cdiscount.com,"E-Commerce & Shopping, Marketplace"
https://www.ozon.ru,"E-Commerce & Shopping, Marketplace"
https://www.hepsiburada.com,"E-Commerce & Shopping, Marketplace"
https://www.kohls.com,"E-Commerce & Shopping, Marketplace"
https://www.dmm.com,"E-Commerce & Shopping, Marketplace"
https://www.costco.com,"E-Commerce & Shopping, Marketplace"
https://www.otto.de,"E-Commerce & Shopping, Marketplace"
https://www.magazineluiza.com.br,"E-Commerce & Shopping, Marketplace"
https://www.amazon.com.br,"E-Commerce & Shopping, Marketplace"
https://www.amazon.com.mx,"E-Commerce & Shopping, Marketplace"
https://www.shopee.tw,"E-Commerce & Shopping, Marketplace"
https://www.hood.de,"E-Commerce & Shopping, Auctions"